epoch,stats_g/mean,stats_g/std,stats_o/mean,stats_o/std,test/episode,test/mean_Q,test/success_rate,train/episode,train/success_rate
0,-0.05427052,0.47345343,3.0315158,1.637428,10.0,-0.71847284,0.056574823045202484,50.0,0.4962494388645643
1,-0.053474475,0.49437857,3.0758996,1.7472417,20.0,-0.46890244,0.04980464751436759,100.0,0.27971183422681123
