epoch,stats_g/mean,stats_g/std,stats_o/mean,stats_o/std,test/episode,test/mean_Q,test/success_rate,train/episode,train/success_rate
0,153.44824,68.881226,-0.1204287,0.6751783,10.0,-1.2173004,205.57434331468454,50.0,224.7119498160292
1,155.26605,68.52541,-0.14083353,0.67058843,20.0,-1.3947971,158.81111229039578,100.0,178.9254114251306
